train_loss,train_acc,test_loss,test_acc,model_name,data
1.1789279773078205,56.36796225207934,1.000948983705796,62.75958466453674,EfficientNet_B2,0.5
0.9553946762304617,64.63531669865642,0.9441192770499912,65.09584664536742,EfficientNet_B2,0.5
0.8453577096196832,68.62803902751119,0.9333478385602,66.03434504792332,EfficientNet_B2,0.5
0.758430899638666,71.8690019193858,0.9467879734053195,65.83466453674122,EfficientNet_B2,0.5
0.6721144957433354,75.09396992962252,0.9532395318924515,67.43210862619809,EfficientNet_B2,0.5
