train_loss,train_acc,test_loss,test_acc,model_name,data
1.8076031406085713,36.331869009584665,1.5988207431066603,44.54365079365079,EfficientNet_B2,0.2
1.552480592133519,44.88817891373802,1.5084154605865479,46.08134920634921,EfficientNet_B2,0.2
1.4989248765543246,46.62539936102237,1.485035638960581,47.2718253968254,EfficientNet_B2,0.2
1.4672573846749986,47.52396166134185,1.4844528928635612,46.97420634920635,EfficientNet_B2,0.2
1.4364398832138354,48.27276357827476,1.4758309220510817,46.279761904761905,EfficientNet_B2,0.2
